threads,N,D,d_k,d_v,qkv_ms,qkt_ms,scale_ms,softmax_ms,av_ms,total_ms,speedup_vs_1thread,parallel_efficiency_pct
1,64,128,128,128,15.2843,2.5704,0.0,0.0724,2.5589,20.4965,1.0000,50.00
1,128,128,128,128,30.8867,11.3576,0.0,0.3507,11.3782,54.0243,1.0000,50.00
1,256,128,128,128,61.3460,40.4917,0.0,1.1949,41.4121,144.6017,1.0000,50.00
1,512,128,128,128,120.8295,161.2911,0.0,4.7986,176.6134,464.1605,1.0000,50.00
1,1024,128,128,128,285.3507,704.9866,0.0,21.3736,777.4694,1792.1684,1.0000,50.00
2,64,128,128,128,11.4808,2.0810,0.0,0.0641,1.9344,15.5722,1.3161,65.81
2,128,128,128,128,22.7732,7.7420,0.0,0.2512,7.5891,38.3959,1.4060,70.30
2,256,128,128,128,49.0341,31.4744,0.0,0.9995,31.6230,113.2897,1.2764,63.82
2,512,128,128,128,158.3915,208.1784,0.0,7.6633,222.8296,600.0738,0.7735,38.68
2,1024,128,128,128,212.5559,511.1956,0.0,16.2456,527.7076,1270.2798,1.4100,70.50
